﻿Rank 2018,Company,Revenue,Profits,Profit Change from 2017,Assets,Market Value (March 2018),Employees,Sector,Industry,Tenure on Fortune 500 (years),City,State,lat,lng,Rank 2017,Revenue Change from 2017
1,Walmart,500343,9862,-0.277,204522,263563,2300000,Retailing,General Merchandisers,24,Bentonville,AR,36.3728538,-94.2088172,1,0.030
2,Exxon Mobil,244363,19710,1.514,348691,316157,71200,Energy,Petroleum Refining,24,Irving,TX,32.8140177,-96.9488945,4,0.174
3,Berkshire Hathaway,242137,44940,0.867,702095,492008,377000,Financials,Insurance: Property and Casualty (Stock),24,Omaha,NE,41.2565369,-95.9345034,2,0.083
4,Apple,229234,48351,0.058,375319,851318,123000,Technology,"Computers, Office Equipment",24,Cupertino,CA,37.3229978,-122.0321823,3,0.063
5,UnitedHealth Group,201159,10558,0.505,139058,207080,260000,Health Care,Health Care: Insurance and Managed Care,24,Minnetonka,MN,44.9211836,-93.4687489,6,0.088
6,McKesson,198533,5070,1.245,60969,29067,64500,Wholesalers,Wholesalers: Health Care,24,San Francisco,CA,37.7749295,-122.4194155,5,0.031
7,CVS Health,184765,6622,0.245,95131,63114,203000,Health Care,Health Care: Pharmacy and Other Services,24,Woonsocket,RI,42.0028761,-71.5147839,7,0.041
8,Amazon.com,177866,3033,0.279,131310,700668,566000,Retailing,Internet Services and Retailing,17,Seattle,WA,47.6062095,-122.3320708,12,0.308
9,AT&T,160546,29450,1.270,444097,218946,254000,Telecommunications,Telecommunications,24,Dallas,TX,32.7766642,-96.7969879,9,-0.020
10,General Motors,157311,-3864,-1.410,212482,50972,180000,Motor Vehicles & Parts,Motor Vehicles and Parts,24,Detroit,MI,42.331427,-83.0457538,8,-0.055
11,Ford Motor,156776,7602,0.654,257808,44244,202000,Motor Vehicles & Parts,Motor Vehicles and Parts,24,Dearborn,MI,42.3222599,-83.1763145,10,0.033
12,AmerisourceBergen,153144,365,-0.745,35317,18938,19500,Wholesalers,Wholesalers: Health Care,24,Chesterbrook,PA,40.0756627,-75.4590816,11,0.043
13,Chevron,134533,9195,,253806,217845,51900,Energy,Petroleum Refining,24,San Ramon,CA,37.7799273,-121.9780153,19,0.251
14,Cardinal Health,129976,1288,-0.097,40112,19726,40400,Wholesalers,Wholesalers: Health Care,24,Dublin,OH,40.0992294,-83.1140771,15,0.069
15,Costco,129025,2679,0.140,36347,82687,182000,Retailing,General Merchandisers,24,Issaquah,WA,47.5301011,-122.0326191,16,0.087
16,Verizon,126034,30101,1.293,257143,197497,155400,Telecommunications,Telecommunications,24,New York,NY,40.7127753,-74.0059728,14,0.000
17,Kroger,122662,1907,-0.034,37197,20828,449000,Food & Drug Stores,Food and Drug Stores,24,Cincinnati,OH,39.1031182,-84.5120196,18,0.064
18,General Electric,122274,-5786,-1.655,377945,117054,313000,Industrials,Industrial Machinery,24,Boston,MA,42.3600825,-71.0588801,13,-0.035
19,Walgreens Boots Alliance,118214,4078,-0.023,66009,64924,290000,Food & Drug Stores,Food and Drug Stores,24,Deerfield,IL,42.1711365,-87.8445119,17,0.007
20,JPMorgan Chase,113899,24441,-0.012,2533600,375043,252539,Financials,Commercial Banks,24,New York,NY,40.7127753,-74.0059728,21,0.080
21,Fannie Mae,112394,2463,-0.800,3345529,1633,7200,Financials,Diversified Financials,21,Leavenworth,WA,47.7510741,-120.7401385,20,0.049
22,Alphabet,110855,12662,-0.350,197295,719124,80110,Technology,Internet Services and Retailing,13,Mountain View,CA,37.3860517,-122.0838511,27,0.228
23,Home Depot,100904,8630,0.085,44529,206272,413000,Retailing,Specialty Retailers: Other,24,Atlanta,GA,33.7489954,-84.3879824,23,0.067
24,Bank of America Corp.,100264,18232,0.018,2281234,306618,209376,Financials,Commercial Banks,24,Charlotte,NC,35.2270869,-80.8431267,26,0.070
25,Express Scripts Holding,100065,4517,0.327,54256,38791,26600,Health Care,Health Care: Pharmacy and Other Services,19,St. Louis,MO,38.6270025,-90.1994042,22,-0.002
26,Wells Fargo,97741,22183,0.011,1951757,255556,262700,Financials,Commercial Banks,24,San Francisco,CA,37.7749295,-122.4194155,25,0.038
27,Boeing,93392,8197,0.675,92333,192539,140800,Aerospace & Defense,Aerospace and Defense,24,Chicago,IL,41.8781136,-87.6297982,24,-0.012
28,Phillips 66,91568,5106,2.284,54371,44730,14600,Energy,Petroleum Refining,6,Houston,TX,29.7604267,-95.3698028,34,0.265
29,Anthem,90040,3843,0.556,70540,56182,56000,Health Care,Health Care: Insurance and Managed Care,24,Indianapolis,IN,39.768403,-86.158068,29,0.061
30,Microsoft,89950,21204,0.262,241086,702760,124000,Technology,Computer Software,24,Redmond,WA,47.6739881,-122.121512,28,0.054
31,Valero Energy,88407,4065,0.776,50158,39977,10015,Energy,Petroleum Refining,20,San Antonio,TX,29.4241219,-98.4936282,37,0.260
32,Citigroup,87966,-6798,-1.456,1842465,172822,209000,Financials,Commercial Banks,24,New York,NY,40.7127753,-74.0059728,30,0.068
33,Comcast,84526,22714,1.612,186949,158703,164000,Telecommunications,Telecommunications,23,Philadelphia,PA,39.9525839,-75.1652215,31,0.051
34,IBM,79139,5753,-0.515,125356,141335,397800,Technology,Information Technology Services,24,Armonk,NY,41.1264849,-73.7140195,32,-0.010
35,Dell Technologies,78660,-3728,,122281,,145000,Technology,"Computers, Office Equipment",21,Round Rock,TX,30.5082551,-97.678896,41,0.214
36,State Farm Insurance Cos.,78331,2207,5.299,272345,,65664,Financials,Insurance: Property and Casualty (Mutual),24,Bloomington,IL,40.4842027,-88.9936873,33,0.029
37,Johnson & Johnson,76450,1300,-0.921,157303,343780,134000,Health Care,Pharmaceuticals,24,New Brunswick,NJ,40.4862157,-74.4518188,35,0.063
38,Freddie Mac,74676,5625,-0.280,2049776,878,6165,Financials,Diversified Financials,21,McLean,VA,38.9338676,-77.1772604,39,0.137
39,Target,71879,2934,0.072,38999,37409,345000,Retailing,General Merchandisers,24,Minneapolis,MN,44.977753,-93.2650108,38,0.034
40,Lowes,68619,3447,0.114,35291,72812,255000,Retailing,Specialty Retailers: Other,24,Mooresville,NC,35.5848596,-80.8100724,40,0.055
41,Marathon Petroleum,67610,3432,1.923,49047,34683,43800,Energy,Petroleum Refining,7,Findlay,OH,41.04422,-83.6499321,51,0.210
42,Procter & Gamble,66217,15326,0.459,120406,199865,95000,Household Products,Household and Personal Products,24,Cincinnati,OH,39.1031182,-84.5120196,36,-0.077
43,MetLife,66153,4010,4.013,719892,47572,49000,Financials,"Insurance: Life, Health (stock)",24,New York,NY,40.7127753,-74.0059728,42,0.042
44,UPS,65872,4910,0.431,45403,90156,346415,Transportation,"Mail, Package, and Freight Delivery",24,Atlanta,GA,33.7489954,-84.3879824,46,0.082
45,PepsiCo,63525,4857,-0.233,79804,154933,263000,"Food, Beverages & Tobacco",Food Consumer Products,24,Harrison,NY,41.0400135,-73.7144477,44,0.012
46,Intel,62761,9601,-0.069,123249,243109,102700,Technology,Semiconductors and Other Electronic Components,24,Santa Clara,CA,37.3541079,-121.9552356,47,0.057
47,DowDuPont,62683,1460,-0.662,192164,148186,98000,Chemicals,Chemicals,24,Midland,MI,43.623574,-84.232105,62,0.302
48,Archer Daniels Midland,60828,1595,0.247,39963,24238,31300,"Food, Beverages & Tobacco",Food Production,24,Chicago,IL,41.8781136,-87.6297982,45,-0.024
49,Aetna,60535,1904,-0.162,55151,55229,47950,Health Care,Health Care: Insurance and Managed Care,18,Hartford,CT,41.7658043,-72.6733723,43,-0.041
50,FedEx,60319,2997,0.647,48552,64161,357000,Transportation,"Mail, Package, and Freight Delivery",24,Memphis,TN,35.1495343,-90.0489801,58,0.198
51,United Technologies,59837,4552,-0.100,96920,100667,204700,Aerospace & Defense,Aerospace and Defense,24,Farmington,CT,41.7360305,-72.795027,50,0.045
52,Prudential Financial,59689,7863,0.800,831921,43686,49705,Financials,"Insurance: Life, Health (stock)",24,Newark,NJ,40.735657,-74.1723667,48,0.015
53,Albertsons Cos.,59678,-373,,23755,,273000,Food & Drug Stores,Food and Drug Stores,14,Boise,ID,43.6150186,-116.2023137,49,0.016
54,Sysco,55371,1143,0.203,17757,31294,66500,Wholesalers,Wholesalers: Food and Grocery,24,Houston,TX,29.7604267,-95.3698028,57,0.099
55,Disney,55137,8980,-0.044,95789,151029,199000,Media,Entertainment,24,Burbank,CA,34.1808392,-118.3089661,52,-0.009
56,Humana,53767,2448,2.987,27178,37122,45900,Health Care,Health Care: Insurance and Managed Care,24,Louisville,KY,38.2526647,-85.7584557,53,-0.011
57,Pfizer,52546,21308,1.953,171797,211115,90200,Health Care,Pharmaceuticals,24,New York,NY,40.7127753,-74.0059728,54,-0.005
58,HP,52056,2526,0.012,32913,35893,49000,Technology,"Computers, Office Equipment",24,Palo Alto,CA,37.4418834,-122.1430195,61,0.079
59,Lockheed Martin,51048,2002,-0.622,46521,96589,100000,Aerospace & Defense,Aerospace and Defense,24,Bethesda,MD,38.984652,-77.0947092,56,0.008
60,AIG,49520,-6084,,498301,49145,49800,Financials,Insurance: Property and Casualty (Stock),24,New York,NY,40.7127753,-74.0059728,55,-0.054
61,Centene,48572,828,0.473,21855,18704,33700,Health Care,Health Care: Insurance and Managed Care,9,St. Louis,MO,38.6270025,-90.1994042,66,0.193
62,Cisco Systems,48005,9609,-0.105,129818,206623,72900,Technology,Network and Other Communications Equipment,22,San Jose,CA,37.3382082,-121.8863286,60,-0.025
63,HCA Healthcare,47653,2216,-0.233,36593,34165,221491,Health Care,Health Care: Medical Facilities,24,Nashville,TN,36.1626638,-86.7816016,63,0.065
64,Energy Transfer Equity,47487,954,-0.041,86246,15335,29486,Energy,Pipelines,12,Dallas,TX,32.7766642,-96.7969879,79,0.266
65,Caterpillar,45462,754,,76962,88078,98400,Industrials,Construction and Farm Machinery,24,Deerfield,IL,42.1711365,-87.8445119,74,0.180
66,Nationwide,43940,247,-0.262,221257,,33135,Financials,Insurance: Property and Casualty (Mutual),24,Columbus,OH,39.9611755,-82.9987942,68,0.096
67,Morgan Stanley,43642,6111,0.022,851733,96688,57633,Financials,Commercial Banks,24,New York,NY,40.7127753,-74.0059728,76,0.150
68,Liberty Mutual Insurance Group,42687,17,-0.983,142502,,50000,Financials,Insurance: Property and Casualty (Stock),24,Boston,MA,42.3600825,-71.0588801,75,0.114
69,New York Life Insurance,42296,1867,0.716,303183,,11114,Financials,"Insurance: Life, Health (Mutual)",24,New York,NY,40.7127753,-74.0059728,65,0.037
70,Goldman Sachs Group,42254,4286,-0.421,916776,95463,36600,Financials,Commercial Banks,19,New York,NY,40.7127753,-74.0059728,78,0.120
71,American Airlines Group,42207,1919,-0.283,51396,24584,126600,Transportation,Airlines,24,Fort Worth,TX,32.7554883,-97.3307658,67,0.050
72,Best Buy,42151,1000,-0.186,13049,20460,125000,Retailing,Specialty Retailers: Other,24,Richfield,MN,44.8832982,-93.2830021,72,0.070
73,Cigna,41616,2237,0.198,61753,40735,46000,Health Care,Health Care: Insurance and Managed Care,24,Bloomfield,CT,41.826488,-72.7300945,70,0.049
74,Charter Communications,41581,9895,1.809,146623,80954,94800,Telecommunications,Telecommunications,18,Stamford,CT,41.0534302,-73.5387341,96,0.434
75,Delta Air Lines,41244,3577,-0.182,53292,38746,86564,Transportation,Airlines,24,Atlanta,GA,33.7489954,-84.3879824,71,0.040
76,Facebook,40653,15934,0.560,84524,464190,25105,Technology,Internet Services and Retailing,6,Menlo Park,CA,37.4529598,-122.1817252,98,0.471
77,Honeywell International,40534,1655,-0.656,59387,108149,131000,Industrials,"Electronics, Electrical Equip.",24,Morris Plains,NJ,40.8395922,-74.4818698,73,0.031
78,Merck,40122,2394,-0.389,87872,146862,69000,Health Care,Pharmaceuticals,24,Kenilworth,NJ,40.6764911,-74.2907032,69,0.008
79,Allstate,38524,3189,0.699,112422,33478,42680,Financials,Insurance: Property and Casualty (Stock),23,Northbrook,IL,42.1275267,-87.8289548,84,0.054
80,Tyson Foods,38260,1774,0.003,28066,29233,122000,"Food, Beverages & Tobacco",Food Production,24,Springdale,AR,36.1867442,-94.1288141,82,0.037
81,United Continental Holdings,37736,2131,-0.058,42326,19778,89800,Transportation,Airlines,24,Chicago,IL,41.8781136,-87.6297982,83,0.032
82,Oracle,37728,9335,0.049,134991,186766,138000,Technology,Computer Software,23,Redwood City,CA,37.4852152,-122.2363548,81,0.018
83,Tech Data,36775,117,-0.402,12653,3249,14000,Wholesalers,Wholesalers: Electronics and Office Equipment,24,Clearwater,FL,27.9658533,-82.8001026,107,0.402
84,TIAA,36025,1050,-0.297,583632,,16829,Financials,"Insurance: Life, Health (Mutual)",21,New York,NY,40.7127753,-74.0059728,80,-0.029
85,TJX,35865,2608,0.135,14058,51571,249000,Retailing,Specialty Retailers: Apparel,24,Framingham,MA,42.279286,-71.4161565,87,0.081
86,American Express,35583,2736,-0.494,181159,80234,55000,Financials,Diversified Financials,24,New York,NY,40.7127753,-74.0059728,86,0.052
87,Coca-Cola,35410,1248,-0.809,87896,185207,61800,"Food, Beverages & Tobacco",Beverages,24,Atlanta,GA,33.7489954,-84.3879824,64,-0.154
88,Publix Super Markets,34837,2292,0.131,18184,,193000,Food & Drug Stores,Food and Drug Stores,24,Lakeland,FL,28.0394654,-81.9498042,85,0.016
89,Nike,34350,4240,0.128,23259,108094,74400,Apparel,Apparel,24,Beaverton,OR,45.4887993,-122.8013332,88,0.061
90,Andeavor,34204,1528,1.082,28573,15386,14300,Energy,Petroleum Refining,19,San Antonio,TX,29.4241219,-98.4936282,117,0.425
91,World Fuel Services,33696,-170,-2.345,5588,1661,5000,Energy,Energy,14,Miami,FL,25.7616798,-80.1917902,103,0.247
92,Exelon,33531,3770,2.325,116700,37644,34621,Energy,Utilities: Gas and Electric,24,Chicago,IL,41.8781136,-87.6297982,89,0.069
93,Massachusetts Mutual Life Insurance,33495,513,-0.597,288855,,11811,Financials,"Insurance: Life, Health (Mutual)",24,Springfield,MA,42.1014831,-72.589811,77,-0.114
94,Rite Aid,32845,4,-0.976,11594,1793,70430,Food & Drug Stores,Food and Drug Stores,24,Camp Hill,PA,40.2398118,-76.9199742,91,0.069
95,ConocoPhillips,32584,-855,,73362,69641,11400,Energy,"Mining, Crude-Oil Production",24,Houston,TX,29.7604267,-95.3698028,115,0.338
96,CHS,31935,128,-0.699,15974,,11626,"Food, Beverages & Tobacco",Food Production,19,Inver Grove Heights,MN,44.8480218,-93.0427153,93,0.052
97,3M,31657,4858,-0.038,37987,130550,91536,Industrials,Miscellaneous,24,St Paul,MN,44.9537029,-93.0899578,94,0.051
98,Time Warner,31271,5247,0.336,69209,73758,26000,Media,Entertainment,19,New York,NY,40.7127753,-74.0059728,95,0.067
99,General Dynamics,30973,2912,-0.015,35046,65845,98600,Aerospace & Defense,Aerospace and Defense,24,Falls Church,VA,38.882334,-77.1710914,90,-0.012
100,USAA,30016,2422,0.361,155391,,32705,Financials,Insurance: Property and Casualty (Stock),24,San Antonio,TX,29.4241219,-98.4936282,102,0.106
101,Capital One Financial,29999,1982,-0.472,365693,46584,49300,Financials,Commercial Banks,19,McLean,VA,38.9338676,-77.1772604,100,0.090
102,Deere,29738,2159,0.417,65786,50291,60476,Industrials,Construction and Farm Machinery,24,Moline,IL,41.5067003,-90.5151342,105,0.116
103,INTL FCStone,29424,6,-0.883,6243,804,1607,Financials,Diversified Financials,10,New York,NY,40.7127753,-74.0059728,189,0.994
104,Northwestern Mutual,29331,1017,0.243,265049,,5437,Financials,"Insurance: Life, Health (Mutual)",24,Milwaukee,WI,43.0389025,-87.9064736,97,0.018
105,Enterprise Products Partners,29242,2799,0.114,54418,52904,7000,Energy,Pipelines,13,Houston,TX,29.7604267,-95.3698028,122,0.270
106,Travelers Cos.,28902,2056,-0.318,103483,37691,30800,Financials,Insurance: Property and Casualty (Stock),24,New York,NY,40.7127753,-74.0059728,99,0.046
107,Hewlett Packard Enterprise,28871,344,-0.891,61406,27243,66000,Technology,"Computers, Office Equipment",2,Palo Alto,CA,37.4418834,-122.1430195,59,-0.424
108,Philip Morris International,28748,6035,-0.134,42968,154514,80600,"Food, Beverages & Tobacco",Tobacco,10,New York,NY,40.7127753,-74.0059728,104,0.077
109,Twenty-First Century Fox,28500,2952,0.072,50724,67969,21700,Media,Entertainment,14,New York,NY,40.7127753,-74.0059728,101,0.043
110,AbbVie,28216,5309,-0.108,70786,150180,29000,Health Care,Pharmaceuticals,5,North Chicago,IL,42.325578,-87.8411818,111,0.101
111,Abbott Laboratories,27390,477,-0.659,76250,104640,99000,Health Care,Medical Products and Equipment,24,Lake Bluff,IL,42.304505,-87.8960712,135,0.313
112,Progressive,26839,1592,0.544,38701,35478,33656,Financials,Insurance: Property and Casualty (Stock),24,Mayfield,OH,41.5519952,-81.4392828,120,0.145
113,Arrow Electronics,26813,402,-0.231,16463,6750,18800,Wholesalers,Wholesalers: Electronics and Office Equipment,24,Centennial,CO,39.5807452,-104.8771726,118,0.125
114,Kraft Heinz,26232,10999,2.028,120232,75920,39000,"Food, Beverages & Tobacco",Food Consumer Products,24,Pittsburgh,PA,40.4406248,-79.9958864,106,-0.010
115,Plains GP Holdings,26223,-731,-8.777,26753,6328,4850,Energy,Pipelines,5,Houston,TX,29.7604267,-95.3698028,141,0.299
116,Gilead Sciences,26107,4628,-0.657,70283,98298,10000,Health Care,Pharmaceuticals,10,San Mateo,CA,37.5585465,-122.2710788,92,-0.141
117,Mondelez International,25896,2922,0.761,63109,62066,83000,"Food, Beverages & Tobacco",Food Consumer Products,11,Deerfield,IL,42.1711365,-87.8445119,109,-0.001
118,Northrop Grumman,25803,2015,-0.084,34917,60778,70000,Aerospace & Defense,Aerospace and Defense,24,Falls Church,VA,38.882334,-77.1710914,114,0.053
119,Raytheon,25348,2024,-0.085,30860,62265,64000,Aerospace & Defense,Aerospace and Defense,24,Waltham,MA,42.3764852,-71.2356113,116,0.053
120,Macys,24837,1547,1.499,19381,9065,130000,Retailing,General Merchandisers,24,Cincinnati,OH,39.1031182,-84.5120196,110,-0.037
121,US Foods Holding,24147,444,1.118,9037,7065,25204,Wholesalers,Wholesalers: Food and Grocery,7,Rosemont,IL,41.9867507,-87.8721602,124,0.054
122,U.S. Bancorp,23996,6218,0.056,462040,83367,72402,Financials,Commercial Banks,20,Minneapolis,MN,44.977753,-93.2650108,125,0.055
123,Dollar General,23471,1539,0.230,12517,25141,129000,Retailing,Specialty Retailers: Other,20,Goodlettsville,TN,36.3231066,-86.7133302,128,0.068
124,International Paper,23302,2144,1.372,33903,22063,56000,Materials,"Packaging, Containers",24,Memphis,TN,35.1495343,-90.0489801,133,0.105
125,Duke Energy,23189,3059,0.421,137914,54276,29060,Energy,Utilities: Gas and Electric,24,Charlotte,NC,35.2270869,-80.8431267,121,-0.008
126,Southern,23031,842,-0.656,111005,45024,31344,Energy,Utilities: Gas and Electric,24,Atlanta,GA,33.7489954,-84.3879824,145,0.158
127,Marriott International,22894,1372,0.759,23948,48531,177000,"Hotels, Restaurants & Leisure","Hotels, Casinos, Resorts",20,Bethesda,MD,38.984652,-77.0947092,163,0.341
128,Avnet,22872,525,0.037,9700,5009,15700,Wholesalers,Wholesalers: Electronics and Office Equipment,24,Phoenix,AZ,33.4483771,-112.0740373,108,-0.128
129,Eli Lilly,22871,-204,-1.075,44981,84542,40655,Health Care,Pharmaceuticals,24,Indianapolis,IN,39.768403,-86.158068,132,0.078
130,Amgen,22849,1979,-0.744,79954,122842,20800,Health Care,Pharmaceuticals,19,Thousand Oaks,CA,34.1705609,-118.8375937,123,-0.006
131,McDonalds,22820,5192,0.108,33804,124244,235000,"Hotels, Restaurants & Leisure",Food Services,24,Oak Brook,IL,41.8397865,-87.9535534,112,-0.073
132,Starbucks,22387,2885,0.024,14366,81370,277000,"Hotels, Restaurants & Leisure",Food Services,16,Seattle,WA,47.6062095,-122.3320708,131,0.050
133,Qualcomm,22291,2466,-0.568,65486,82027,33800,Technology,Semiconductors and Other Electronic Components,19,San Diego,CA,32.715738,-117.1610838,119,-0.054
134,Dollar Tree,22246,1714,0.913,16333,22523,116200,Retailing,Specialty Retailers: Other,10,Chesapeake,VA,36.7682088,-76.2874927,136,0.074
135,PBF Energy,21787,416,1.433,8118,3752,3165,Energy,Petroleum Refining,6,Parsippany-Troy Hills,NJ,40.8652865,-74.4173877,172,0.368
136,Icahn Enterprises,21744,2430,,31801,9901,89034,Financials,Diversified Financials,10,New York,NY,40.7127753,-74.0059728,168,0.330
137,Aflac,21667,4604,0.731,137217,34038,11318,Financials,"Insurance: Life, Health (stock)",24,Columbus,GA,32.4609764,-84.9877094,126,-0.040
138,AutoNation,21535,435,0.010,10272,4296,26000,Retailing,"Automotive Retailing, Services",21,Fort Lauderdale,FL,26.1224386,-80.1373174,129,-0.003
139,Penske Automotive Group,21389,613,0.789,10541,3817,26000,Retailing,"Automotive Retailing, Services",20,Bloomfield Hills,MI,42.583645,-83.2454883,142,0.062
140,Whirlpool,21253,350,-0.606,20038,10824,92000,Industrials,"Electronics, Electrical Equip.",24,Benton Harbor,MI,42.1167065,-86.4541894,137,0.026
141,Union Pacific,21240,10712,1.531,57806,104261,41992,Transportation,Railroads,24,Omaha,NE,41.2565369,-95.9345034,143,0.065
142,Southwest Airlines,21171,3488,0.554,25110,33678,56110,Transportation,Airlines,24,Dallas,TX,32.7766642,-96.7969879,138,0.037
143,ManpowerGroup,21034,545,0.229,8884,7614,29000,Business Services,Temporary Help,24,Milwaukee,WI,43.0389025,-87.9064736,146,0.070
144,Thermo Fisher Scientific,20918,2225,0.101,56669,82952,66100,Technology,"Scientific,Photographic and Control Equipment",16,Waltham,MA,42.3764852,-71.2356113,154,0.145
145,Bristol-Myers Squibb,20776,1007,-0.774,33551,103415,23700,Health Care,Pharmaceuticals,24,New York,NY,40.7127753,-74.0059728,147,0.069
146,Halliburton,20620,-463,,25085,41068,55000,Energy,"Oil and Gas Equipment, Services",24,Houston,TX,29.7604267,-95.3698028,173,0.298
147,Tenet Healthcare,20613,-704,,23385,2452,111980,Health Care,Health Care: Medical Facilities,24,Dallas,TX,32.7766642,-96.7969879,134,-0.022
148,Lear,20467,1313,0.347,11946,12453,165000,Motor Vehicles & Parts,Motor Vehicles and Parts,24,Southfield,MI,42.4733688,-83.2218731,151,0.103
149,Cummins,20428,999,-0.283,18075,26757,58600,Industrials,Industrial Machinery,24,Columbus,IN,39.2014404,-85.9213796,159,0.167
150,Micron Technology,20322,5089,,35336,60470,34100,Technology,Semiconductors and Other Electronic Components,21,Boise,ID,43.6150186,-116.2023137,226,0.639
151,Nucor,20252,1319,0.656,15841,19432,25100,Materials,Metals,24,Charlotte,NC,35.2270869,-80.8431267,169,0.250
152,Molina Healthcare,19883,-512,-10.846,8471,4867,20000,Health Care,Health Care: Insurance and Managed Care,7,Long Beach,CA,33.7700504,-118.1937395,156,0.118
153,Fluor,19521,191,-0.320,9328,8006,56706,Engineering & Construction,"Engineering, Construction",17,Irving,TX,32.8140177,-96.9488945,149,0.025
154,Altria Group,19494,10222,-0.282,43202,118436,8300,"Food, Beverages & Tobacco",Tobacco,24,Richmond,VA,37.5407246,-77.4360481,148,0.008
155,Paccar,19456,1675,2.211,23440,23298,25000,Industrials,Construction and Farm Machinery,24,Bellevue,WA,47.6101497,-122.2015159,164,0.142
156,Hartford Financial Services,19228,-3131,-4.494,225260,18392,16400,Financials,Insurance: Property and Casualty (Stock),23,Hartford,CT,41.7658043,-72.6733723,153,0.051
157,Kohls,19095,859,0.545,13340,11021,85000,Retailing,General Merchandisers,21,Menomonee Falls,WI,43.1788967,-88.1173132,150,0.022
158,Western Digital,19093,397,0.640,29860,27456,67629,Technology,"Computers, Office Equipment",15,San Jose,CA,37.3382082,-121.8863286,217,0.469
159,Jabil,19063,129,-0.492,11096,5035,170000,Technology,Semiconductors and Other Electronic Components,17,St. Petersburg,FL,27.7676008,-82.6402915,152,0.039
160,Community Health Systems,18477,-2459,,17450,454,86000,Health Care,Health Care: Medical Facilities,12,Franklin,TN,35.9250637,-86.8688899,130,-0.136
161,Visa,18358,6699,0.118,67977,270222,15000,Business Services,Financial Data Services,10,San Francisco,CA,37.7749295,-122.4194155,187,0.217
162,Danaher,18330,2492,-0.024,46649,68385,67000,Health Care,Medical Products and Equipment,20,Leavenworth,WA,47.7510741,-120.7401385,144,-0.079
163,Kimberly-Clark,18259,2278,0.052,15151,38553,42000,Household Products,Household and Personal Products,24,Irving,TX,32.8140177,-96.9488945,155,0.003
164,AECOM,18203,339,2.531,14397,5671,87000,Engineering & Construction,"Engineering, Construction",10,Los Angeles,CA,34.0522342,-118.2436849,161,0.046
165,PNC Financial Services,18035,5338,0.368,380768,71323,51632,Financials,Commercial Banks,24,Pittsburgh,PA,40.4406248,-79.9958864,166,0.098
166,CenturyLink,17656,1389,1.219,75611,17578,51000,Telecommunications,Telecommunications,9,Monroe,LA,32.5093109,-92.1193012,160,0.011
167,NextEra Energy,17195,5378,0.847,97827,76895,14000,Energy,Utilities: Gas and Electric,24,North Palm Beach,FL,26.8797819,-80.0533743,170,0.064
168,PG& E Corp.,17135,1646,0.182,68012,22664,23000,Energy,Utilities: Gas and Electric,24,San Francisco,CA,37.7749295,-122.4194155,157,-0.030
169,Synnex,17046,301,0.282,7699,4702,113600,Wholesalers,Wholesalers: Electronics and Office Equipment,12,Fremont,CA,37.5482697,-121.9885719,198,0.212
170,WellCare Health Plans,17007,374,0.544,8365,8622,8900,Health Care,Health Care: Insurance and Managed Care,10,Tampa,FL,27.950575,-82.4571776,195,0.195
171,Performance Food Group,16762,96,0.410,3804,3104,14000,Wholesalers,Wholesalers: Food and Grocery,10,Richmond,VA,37.5407246,-77.4360481,171,0.041
172,Sears Holdings,16702,-383,,7262,288,89000,Retailing,General Merchandisers,24,Hoffman Estates,IL,42.0629915,-88.1227199,127,-0.246
173,Synchrony Financial,16695,1935,-0.140,95808,25490,16000,Financials,Diversified Financials,2,Stamford,CT,41.0534302,-73.5387341,185,0.104
174,CarMax,16637,627,0.006,16279,11202,24344,Retailing,"Automotive Retailing, Services",15,Richmond,VA,37.5407246,-77.4360481,174,0.051
175,Bank of New York Mellon,16621,4090,0.153,371758,51919,52500,Financials,Commercial Banks,24,New York City,NY,40.7127753,-74.0059728,177,0.060
176,Freeport-McMoRan,16416,1817,,37302,25439,25200,Energy,"Mining, Crude-Oil Production",13,Phoenix,AZ,33.4483771,-112.0740373,175,0.040
177,Genuine Parts,16309,617,-0.103,12412,13183,48000,Wholesalers,Wholesalers: Diversified,24,Atlanta,GA,33.7489954,-84.3879824,180,0.063
178,Emerson Electric,16301,1518,-0.072,19589,43359,76500,Industrials,Industrial Machinery,24,St. Louis,MO,38.6270025,-90.1994042,139,-0.196
179,DaVita,16038,664,-0.246,18948,12001,74500,Health Care,Health Care: Medical Facilities,12,Denver,CO,39.7392358,-104.990251,181,0.055
180,Supervalu,16009,650,2.652,3580,585,29000,Food & Drug Stores,Food and Drug Stores,24,Eden Prairie,MN,44.8546856,-93.470786,158,-0.087
181,Gap,15855,848,0.254,7989,12147,135000,Retailing,Specialty Retailers: Apparel,24,San Francisco,CA,37.7749295,-122.4194155,178,0.022
182,General Mills,15620,1658,-0.024,21813,26716,38000,"Food, Beverages & Tobacco",Food Consumer Products,24,Minneapolis,MN,44.977753,-93.2650108,165,-0.057
183,Nordstrom,15478,437,0.234,8115,8123,76000,Retailing,General Merchandisers,24,Seattle,WA,47.6062095,-122.3320708,188,0.049
184,Colgate-Palmolive,15454,2024,-0.171,12676,62607,35900,Household Products,Household and Personal Products,24,New York,NY,40.7127753,-74.0059728,182,0.017
185,American Electric Power,15425,1913,2.131,64729,33766,17666,Energy,Utilities: Gas and Electric,24,Columbus,OH,39.9611755,-82.9987942,167,-0.058
186,XPO Logistics,15381,340,3.930,12602,12210,95000,Transportation,Transportation and Logistics,3,Greenwich,CT,41.0262417,-73.6281964,191,0.052
187,Goodyear Tire & Rubber,15377,346,-0.726,17064,6392,64000,Motor Vehicles & Parts,Motor Vehicles and Parts,24,Akron,OH,41.0814447,-81.5190053,184,0.014
188,Omnicom Group,15274,1088,-0.052,24931,16734,77300,Business Services,"Advertising, marketing",22,New York,NY,40.7127753,-74.0059728,179,-0.009
189,CDW,15192,523,0.232,6957,10717,8726,Technology,Information Technology Services,14,Lincolnshire,IL,42.1900249,-87.9084039,199,0.087
190,Sherwin-Williams,14984,1772,0.565,19958,36899,52695,Chemicals,Chemicals,24,Cleveland,OH,41.49932,-81.6943605,236,0.264
191,PPG Industries,14967,1591,0.814,16538,27824,47200,Chemicals,Chemicals,24,Pittsburgh,PA,40.4406248,-79.9958864,183,-0.014
192,Texas Instruments,14961,3682,0.024,17642,102135,29714,Technology,Semiconductors and Other Electronic Components,24,Dallas,TX,32.7766642,-96.7969879,206,0.119
193,C.H. Robinson Worldwide,14869,505,-0.017,4236,13153,15074,Transportation,Transportation and Logistics,17,Eden Prairie,MN,44.8546856,-93.470786,212,0.131
194,WestRock,14860,708,,25089,16372,44800,Materials,"Packaging, Containers",7,Atlanta,GA,33.7489954,-84.3879824,190,0.010
195,Cognizant Technology Solutions,14810,1504,-0.032,15221,47338,260000,Technology,Information Technology Services,8,Teaneck,NJ,40.8932469,-74.0116536,205,0.098
196,Newell Brands,14742,2749,4.208,33136,12363,49000,Household Products,"Home Equipment, Furnishings",23,Hoboken,NJ,40.7439905,-74.0323626,208,0.111
197,CBS,14710,357,-0.717,20843,19668,14715,Media,Entertainment,24,New York,NY,40.7127753,-74.0059728,193,0.023
198,Envision Healthcare,14701,-228,,16573,4647,57750,Health Care,Health Care: Pharmacy and Other Services,1,Nashville,TN,36.1626638,-86.7816016,538,2.204
199,Monsanto,14640,2260,0.692,21333,51444,21900,Chemicals,Chemicals,15,St. Louis,MO,38.6270025,-90.1994042,204,0.084
200,Aramark,14604,374,0.299,11006,9725,215000,Business Services,Diversified Outsourcing Services,24,Philadelphia,PA,39.9525839,-75.1652215,192,0.013
201,Applied Materials,14537,3434,0.995,19419,58429,18400,Technology,Semiconductors and Other Electronic Components,23,Santa Clara,CA,37.3541079,-121.9552356,265,0.343
202,Waste Management,14485,1949,0.649,21829,36372,42300,Business Services,Waste Management,20,Houston,TX,29.7604267,-95.3698028,201,0.064
203,DISH Network,14391,2099,0.448,29774,17682,17000,Telecommunications,Telecommunications,17,Englewood,CO,39.6477653,-104.9877597,186,-0.047
204,Illinois Tool Works,14314,1687,-0.171,16780,53142,50000,Industrials,Industrial Machinery,24,Glenview,IL,42.0697509,-87.7878408,202,0.053
205,Lincoln National,14257,2079,0.744,281763,15946,9047,Financials,"Insurance: Life, Health (stock)",24,Wayne,PA,40.0462208,-75.3599105,207,0.070
206,HollyFrontier,14251,805,,10692,8650,3522,Energy,Petroleum Refining,11,Dallas,TX,32.7766642,-96.7969879,274,0.353
207,CBRE Group,14210,692,0.209,11484,16042,80000,Financials,Real estate,11,Los Angeles,CA,34.0522342,-118.2436849,214,0.087
208,Textron,14198,307,-0.681,15340,15293,37000,Aerospace & Defense,Aerospace and Defense,24,Providence,RI,41.8239891,-71.4128343,200,0.030
209,Ross Stores,14135,1363,0.219,5722,29800,82700,Retailing,Specialty Retailers: Apparel,16,Dublin,CA,37.7021521,-121.9357918,219,0.099
210,Principal Financial,14093,2310,0.755,253941,17643,15378,Financials,"Insurance: Life, Health (stock)",24,Des Moines,IA,41.6005448,-93.6091064,227,0.137
211,D.R. Horton,14091,1038,0.172,12185,16480,7735,Engineering & Construction,Homebuilders,16,Arlington,TX,32.735687,-97.1080656,232,0.159
212,Marsh & McLennan,14024,1492,-0.156,20429,41924,64000,Financials,Diversified Financials,24,New York,NY,40.7127753,-74.0059728,210,0.062
213,Devon Energy,13949,898,,30241,16725,3414,Energy,"Mining, Crude-Oil Production",17,Oklahoma City,OK,35.4675602,-97.5164276,231,0.144
214,AES,13850,-1161,,33112,7510,10500,Energy,Utilities: Gas and Electric,18,Arlington,VA,38.8816208,-77.0909809,194,-0.031
215,Ecolab,13838,1508,0.227,19962,39524,48400,Chemicals,Chemicals,16,St Paul,MN,44.9537029,-93.0899578,211,0.052
216,Land O'Lakes,13740,314,0.283,9509,,10000,"Food, Beverages & Tobacco",Food Consumer Products,16,Arden Hills,MN,45.0502435,-93.1566112,209,0.038
217,Loews,13735,1164,0.780,79586,16134,18100,Financials,Insurance: Property and Casualty (Stock),24,New York,NY,40.7127753,-74.0059728,213,0.048
218,Kinder Morgan,13705,183,-0.742,79055,33223,10897,Energy,Pipelines,15,Houston,TX,29.7604267,-95.3698028,215,0.050
219,FirstEnergy,13627,-1724,,42257,16175,15617,Energy,Utilities: Gas and Electric,23,Akron,OH,41.0814447,-81.5190053,196,-0.037
220,Occidental Petroleum,13274,1311,,42026,49738,11000,Energy,"Mining, Crude-Oil Production",24,Houston,TX,29.7604267,-95.3698028,278,0.277
221,Viacom,13263,1874,0.303,23698,12919,11200,Media,Entertainment,13,New York,NY,40.7127753,-74.0059728,224,0.062
222,PayPal Holdings,13094,1795,0.281,40774,91056,18700,Business Services,Financial Data Services,3,San Jose,CA,37.3382082,-121.8863286,264,0.208
223,NGL Energy Partners,13022,137,,6320,1332,2700,Energy,Energy,4,Tulsa,OK,36.1539816,-95.992775,237,0.109
224,Celgene,13003,2940,0.471,30141,67102,7467,Health Care,Pharmaceuticals,7,Summit,NJ,40.7146376,-74.3646122,254,0.158
225,Arconic,12960,-74,,18718,11124,41500,Aerospace & Defense,Aerospace and Defense,24,New York,NY,40.7127753,-74.0059728,228,0.046
226,Kellogg,12923,1269,0.829,16350,22532,32944,"Food, Beverages & Tobacco",Food Consumer Products,24,Battle Creek,MI,42.3211522,-85.1797142,216,-0.007
227,Las Vegas Sands,12882,2806,0.680,20687,56721,50500,"Hotels, Restaurants & Leisure","Hotels, Casinos, Resorts",9,Las Vegas,NV,36.1699412,-115.1398296,249,0.129
228,Stanley Black & Decker,12747,1226,0.270,19080,23610,57765,Household Products,"Home Equipment, Furnishings",11,New Britain,CT,41.6612104,-72.7795419,250,0.117
229,Booking Holdings,12681,2341,0.096,25451,100459,22900,Technology,Internet Services and Retailing,6,Norwalk,CT,41.117744,-73.4081575,268,0.180
230,Lennar,12646,811,-0.111,18745,18738,9111,Engineering & Construction,Homebuilders,14,Miami,FL,25.7616798,-80.1917902,260,0.155
231,L Brands,12632,983,-0.151,8149,10655,59200,Retailing,Specialty Retailers: Apparel,24,Columbus,OH,39.9611755,-82.9987942,220,0.005
232,DTE Energy,12607,1134,0.306,33767,18760,10200,Energy,Utilities: Gas and Electric,24,Detroit,MI,42.331427,-83.0457538,272,0.186
233,Dominion Energy,12586,2999,0.413,76585,45344,16200,Energy,Utilities: Gas and Electric,24,Richmond,VA,37.5407246,-77.4360481,238,0.072
234,Reinsurance Group of America,12516,1822,1.598,60515,9930,2640,Financials,"Insurance: Life, Health (stock)",9,Chesterfield,MO,38.6631083,-90.5770675,246,0.086
235,J.C. Penney,12506,-116,-117.000,8413,943,98000,Retailing,General Merchandisers,24,Plano,TX,33.0198431,-96.6988856,221,-0.003
236,Mastercard,12497,3915,-0.035,21329,184161,13400,Business Services,Financial Data Services,10,Harrison,NY,41.0400135,-73.7144477,267,0.160
237,BlackRock,12491,4970,0.567,220217,87065,13900,Financials,Securities,11,New York,NY,40.7127753,-74.0059728,255,0.120
238,Henry Schein,12462,406,-0.198,7811,10330,22000,Wholesalers,Wholesalers: Health Care,15,Melville,NY,40.7934322,-73.4151214,243,0.077
239,Guardian Life Ins. Co. of America,12455,455,0.725,75038,,9283,Financials,"Insurance: Life, Health (Mutual)",24,New York,NY,40.7127753,-74.0059728,218,-0.036
240,Stryker,12444,1020,-0.381,22197,60041,33000,Health Care,Medical Products and Equipment,16,Kalamazoo,MI,42.2917069,-85.5872286,252,0.099
241,Jefferies Financial Group,12408,172,0.321,47169,8098,12700,Financials,Diversified Financials,6,New York,NY,40.7127753,-74.0059728,262,0.141
242,VF,12400,615,-0.428,9959,29403,69000,Apparel,Apparel,24,Greensboro,NC,36.0726354,-79.7919754,230,0.016
243,ADP,12380,1733,0.161,37180,50302,58000,Business Services,Diversified Outsourcing Services,24,Roseland,NJ,40.8206555,-74.2937594,240,0.061
244,Edison International,12320,565,-0.569,52580,20741,12521,Energy,Utilities: Gas and Electric,24,Rosemead,CA,34.0805651,-118.072846,235,0.038
245,Biogen,12274,2539,-0.314,23653,57930,7300,Health Care,Pharmaceuticals,9,Cambridge,MA,42.3736158,-71.1097335,248,0.072
246,United States Steel,12250,387,,9862,6200,29200,Materials,Metals,16,Pittsburgh,PA,40.4406248,-79.9958864,279,0.194
247,Core-Mark Holding,12225,34,-0.382,1783,981,8413,Wholesalers,Wholesalers: Food and Grocery,9,South San Francisco,CA,37.654656,-122.4077498,247,0.062
248,Bed Bath & Beyond,12216,685,-0.186,6846,2989,65000,Retailing,Specialty Retailers: Other,15,Union,NJ,40.6975898,-74.2631635,233,0.009
249,Oneok,12174,388,0.102,16846,23373,2470,Energy,Pipelines,16,Tulsa,OK,36.1539816,-95.992775,312,0.365
250,BB& T Corp.,12156,2394,-0.013,221642,40454,36484,Financials,Commercial Banks,20,Winston-Salem,NC,36.0998596,-80.244216,245,0.054
251,Becton Dickinson,12093,1100,0.127,37734,57695,41933,Health Care,Medical Products and Equipment,24,Franklin Lakes,NJ,41.0167639,-74.2057011,225,-0.031
252,Ameriprise Financial,12075,1480,0.126,147470,21613,13312,Financials,Diversified Financials,12,Minneapolis,MN,44.977753,-93.2650108,239,0.029
253,Farmers Insurance Exchange,12072,-65,,16165,,13015,Financials,Insurance: Property and Casualty (Mutual),4,Los Angeles,CA,34.165357,-118.6089752,222,-0.035
254,First Data,12052,1465,2.488,48269,14865,22000,Business Services,Financial Data Services,24,New York,NY,40.7127753,-74.0059728,242,0.040
255,Consolidated Edison,12033,1525,0.225,48111,24192,15591,Energy,Utilities: Gas and Electric,24,New York,NY,40.7127753,-74.0059728,234,-0.003
256,Parker-Hannifin,12029,983,0.219,15490,22755,56690,Industrials,Industrial Machinery,24,Cleveland,OH,41.49932,-81.6943605,251,0.059
257,Anadarko Petroleum,11908,-456,,42086,31131,4400,Energy,"Mining, Crude-Oil Production",18,The Woodlands,TX,30.1658207,-95.4612625,344,0.513
258,Estee Lauder,11824,1249,0.121,11568,55064,46000,Household Products,Household and Personal Products,23,New York,NY,40.7127753,-74.0059728,253,0.050
259,State Street Corp.,11774,2177,0.016,238425,36688,36643,Financials,Commercial Banks,23,Boston,MA,42.3600825,-71.0588801,271,0.107
260,Tesla,11759,-1961,,28655,44955,37543,Motor Vehicles & Parts,Motor Vehicles and Parts,2,Palo Alto,CA,37.4418834,-122.1430195,383,0.680
261,Netflix,11693,559,1.994,19013,128167,5100,Technology,Internet Services and Retailing,4,Los Gatos,CA,37.2358078,-121.9623751,314,0.324
262,Alcoa,11652,217,,17447,8372,14600,Materials,Metals,2,Pittsburgh,PA,40.4406248,-79.9958864,300,0.250
263,Discover Financial Services,11545,2099,-0.123,100087,25431,16500,Financials,Commercial Banks,10,Riverwoods,IL,42.1675254,-87.897014,277,0.100
264,Praxair,11437,1247,-0.169,20436,41434,26461,Chemicals,Chemicals,24,Danbury,CT,41.394817,-73.4540111,275,0.086
265,CSX,11408,5471,2.192,35739,49428,24006,Transportation,Railroads,24,Jacksonville,FL,30.3321838,-81.655651,257,0.031
266,Xcel Energy,11404,1148,0.022,43030,23107,11105,Energy,Utilities: Gas and Electric,22,Minneapolis,MN,44.977753,-93.2650108,256,0.027
267,Unum Group,11287,994,0.067,64013,10530,9400,Financials,"Insurance: Life, Health (stock)",23,Chattanooga,TN,35.0456297,-85.3096801,258,0.022
268,Universal Health Services,11279,752,0.071,10762,11163,72300,Health Care,Health Care: Medical Facilities,15,King of Prussia,PA,40.1012856,-75.3835525,276,0.073
269,NRG Energy,11275,-2153,,23318,9698,5940,Energy,Energy,12,Princeton,NJ,40.3572976,-74.6672226,229,-0.087
270,EOG Resources,11208,2583,,29833,60913,2664,Energy,"Mining, Crude-Oil Production",10,Houston,TX,29.7604267,-95.3698028,356,0.465
271,Sempra Energy,11207,256,-0.813,50454,29351,16046,Energy,Utilities: Gas and Electric,20,San Diego,CA,32.715738,-117.1610838,280,0.101
272,Toys R Us,11146,-612,,7262,,65000,Retailing,Specialty Retailers: Other,24,Wayne,NJ,40.9253725,-74.2765441,244,-0.034
273,Group 1 Automotive,11124,213,0.451,4871,1366,14108,Retailing,"Automotive Retailing, Services",18,Houston,TX,29.7604267,-95.3698028,261,0.022
274,Entergy,11075,412,,46707,14298,13504,Energy,Utilities: Gas and Electric,24,New Orleans,LA,29.9510658,-90.0715323,263,0.021
275,Molson Coors Brewing,11003,1414,-0.284,30247,16238,17200,"Food, Beverages & Tobacco",Beverages,8,Denver,CO,39.7392358,-104.990251,522,1.252
276,L3 Technologies,11002,677,-0.046,12729,16283,38000,Aerospace & Defense,Aerospace and Defense,16,New York,NY,40.7127753,-74.0059728,273,0.038
277,Ball,10983,374,0.422,17169,13920,18300,Materials,"Packaging, Containers",22,Broomfield,CO,39.9205411,-105.0866504,306,0.212
278,AutoZone,10889,1281,0.032,9260,17450,70035,Retailing,Specialty Retailers: Other,20,Memphis,TN,35.1495343,-90.0489801,270,0.024
279,Murphy USA,10853,245,0.107,2331,2440,6900,Retailing,Specialty Retailers: Other,5,El Dorado,AR,33.20763,-92.6662674,291,0.127
280,MGM Resorts International,10774,1960,0.780,29159,19844,68500,"Hotels, Restaurants & Leisure","Hotels, Casinos, Resorts",18,Las Vegas,NV,36.1699412,-115.1398296,297,0.139
281,Office Depot,10752,181,-0.658,6323,1195,45000,Retailing,Specialty Retailers: Other,24,Boca Raton,FL,26.3683064,-80.1289321,203,-0.209
282,Huntsman,10592,636,0.951,10244,7090,10000,Chemicals,Chemicals,13,The Woodlands,TX,30.1658207,-95.4612625,289,0.097
283,Baxter International,10561,717,-0.856,17111,34979,47000,Health Care,Medical Products and Equipment,24,Deerfield,IL,42.1711365,-87.8445119,281,0.039
284,Norfolk Southern,10551,5404,2.240,35711,41226,27110,Transportation,Railroads,24,Norfolk,VA,36.8507689,-76.2858726,284,0.067
285,salesforce.com,10480,128,-0.290,21010,85074,29000,Technology,Computer Software,4,San Francisco,CA,37.7749295,-122.4194155,326,0.249
286,Laboratory Corp. of America,10441,1268,0.732,16568,16482,60000,Health Care,Health Care: Pharmacy and Other Services,9,Burlington,NC,36.0956918,-79.4377991,290,0.083
287,W.W. Grainger,10425,586,-0.033,5804,15823,25050,Wholesalers,Wholesalers: Diversified,24,Lake Forest,IL,42.2586342,-87.840625,282,0.028
288,Qurate Retail,10404,2441,0.977,24122,12587,28255,Retailing,Internet Services and Retailing,14,Englewood,CO,39.6477653,-104.9877597,269,-0.023
289,Autoliv,10383,427,-0.247,8550,12710,67352,Motor Vehicles & Parts,Motor Vehicles and Parts,20,Auburn Hills,MI,42.6875323,-83.2341028,283,0.031
290,Live Nation Entertainment,10337,-6,-3.045,7504,8772,15050,Media,Entertainment,9,Beverly Hills,CA,34.0736204,-118.4003563,330,0.237
291,Xerox,10265,195,,15946,7330,36100,Technology,"Computers, Office Equipment",24,Norwalk,CT,41.117744,-73.4081575,162,-0.401
292,Leidos Holdings,10170,366,0.500,8990,9918,31000,Technology,Information Technology Services,18,Reston,VA,38.9586307,-77.3570028,381,0.444
293,Corning,10116,-497,-1.135,27494,23677,46200,Industrials,"Electronics, Electrical Equip.",23,Corning,NY,42.1428521,-77.0546903,298,0.077
294,Lithia Motors,10087,245,0.244,4683,2515,12899,Retailing,"Automotive Retailing, Services",4,Medford,OR,42.3265152,-122.8755949,318,0.162
295,Expedia Group,10060,378,0.341,18516,16764,22615,Retailing,Internet Services and Retailing,4,Bellevue,WA,47.6101497,-122.2015159,317,0.147
296,Republic Services,10042,1278,1.087,21147,21832,35000,Business Services,Waste Management,9,Phoenix,AZ,33.4483771,-112.0740373,299,0.070
297,Jacobs Engineering Group,10023,294,0.396,7381,8380,49750,Engineering & Construction,"Engineering, Construction",18,Dallas,TX,32.7766642,-96.7969879,259,-0.086
298,Sonic Automotive,9867,93,-0.002,3819,804,9750,Retailing,"Automotive Retailing, Services",19,Charlotte,NC,35.2270869,-80.8431267,287,0.014
299,Ally Financial,9866,929,-0.129,167148,11767,7900,Financials,Diversified Financials,11,Detroit,MI,42.331427,-83.0457538,286,0.003
300,LKQ,9848,534,0.150,9367,11750,43000,Wholesalers,Wholesalers: Diversified,5,Chicago,IL,41.8781136,-87.6297982,304,0.084
301,BorgWarner,9799,440,2.712,9788,10586,29000,Motor Vehicles & Parts,Motor Vehicles and Parts,12,Auburn Hills,MI,42.6875323,-83.2341028,305,0.080
302,Fidelity National Financial,9769,771,0.186,9151,10983,24525,Financials,Insurance: Property and Casualty (Stock),11,Jacksonville,FL,30.3321838,-81.655651,293,0.023
303,SunTrust Banks,9741,2273,0.210,205962,31863,23785,Financials,Commercial Banks,24,Atlanta,GA,33.7489954,-84.3879824,303,0.063
304,IQVIA Holdings,9739,1309,10.383,22742,20433,55000,Health Care,Health Care: Pharmacy and Other Services,5,Durham,NC,35.980513,-78.90511,390,0.416
305,Reliance Steel & Aluminum,9721,613,1.016,7751,6244,14900,Materials,Metals,12,Los Angeles,CA,34.0522342,-118.2436849,320,0.129
306,Nvidia,9714,3047,0.829,11241,140112,11528,Technology,Semiconductors and Other Electronic Components,2,Santa Clara,CA,37.3541079,-121.9552356,387,0.406
307,Voya Financial,9660,-2992,,222532,8686,6300,Financials,Diversified Financials,4,New York,NY,40.7127753,-74.0059728,266,-0.104
308,CenterPoint Energy,9614,1792,3.148,22736,11822,7977,Energy,Utilities: Gas and Electric,24,Houston,TX,29.7604267,-95.3698028,362,0.277
309,eBay,9567,-1016,-1.140,25981,40726,14100,Technology,Internet Services and Retailing,13,San Jose,CA,37.3382082,-121.8863286,310,0.065
310,Eastman Chemical,9549,1384,0.621,15999,15073,14000,Chemicals,Chemicals,24,Kingsport,TN,36.548434,-82.5618186,309,0.060
311,American Family Insurance Group,9545,156,-0.522,24233,,11307,Financials,Insurance: Property and Casualty (Stock),22,Madison,WI,43.0730517,-89.4012302,315,0.081
312,Steel Dynamics,9539,813,1.127,6856,10444,7635,Materials,Metals,9,Fort Wayne,IN,41.079273,-85.1393513,347,0.227
313,Pacific Life,9510,1365,0.657,157877,,3578,Financials,"Insurance: Life, Health (stock)",22,Newport Beach,CA,33.6188829,-117.9298493,302,0.037
314,Chesapeake Energy,9496,949,,12425,2746,3200,Energy,"Mining, Crude-Oil Production",13,Oklahoma City,OK,35.4675602,-97.5164276,343,0.206
315,Mohawk Industries,9491,972,0.044,12095,17283,38800,Household Products,"Home Equipment, Furnishings",19,Calhoun,GA,34.502587,-84.9510542,311,0.059
316,Quanta Services,9467,315,0.588,6480,5281,32800,Engineering & Construction,"Engineering, Construction",6,Houston,TX,29.7604267,-95.3698028,355,0.237
317,Advance Auto Parts,9374,476,0.035,8482,8770,55500,Retailing,Specialty Retailers: Other,16,Roanoke,VA,37.2709704,-79.9414266,292,-0.020
318,Owens & Minor,9318,73,-0.331,3376,961,8600,Wholesalers,Wholesalers: Health Care,24,Mechanicsville,VA,37.6087561,-77.3733139,288,-0.042
319,United Natural Foods,9275,130,0.035,2887,2165,9700,Wholesalers,Wholesalers: Food and Grocery,6,Providence,RI,41.8239891,-71.4128343,325,0.095
320,Tenneco,9274,207,-0.419,4842,2822,32000,Motor Vehicles & Parts,Motor Vehicles and Parts,24,Lake Forest,IL,42.2586342,-87.840625,322,0.078
321,Conagra Brands,9235,639,,10096,14776,12600,"Food, Beverages & Tobacco",Food Consumer Products,24,Chicago,IL,41.8781136,-87.6297982,197,-0.347
322,GameStop,9225,35,-0.902,5042,1279,39500,Retailing,Specialty Retailers: Other,12,Grapevine,TX,32.9342919,-97.0780654,321,0.072
323,Hormel Foods,9168,847,-0.049,6976,18174,20200,"Food, Beverages & Tobacco",Food Consumer Products,24,Austin,MN,43.6666296,-92.9746367,295,-0.037
324,Hilton Worldwide Holdings,9140,1259,2.618,14308,24957,163000,"Hotels, Restaurants & Leisure","Hotels, Casinos, Resorts",15,McLean,VA,38.9338676,-77.1772604,241,-0.216
325,Frontier Communications,9128,-1804,,24884,582,22736,Telecommunications,Telecommunications,5,Norwalk,CT,41.117744,-73.4081575,313,0.026
326,Fidelity National Information Services,9123,1319,1.322,24517,31893,53000,Business Services,Financial Data Services,9,Jacksonville,FL,30.3321838,-81.655651,301,-0.013
327,Public Service Enterprise Group,9084,1574,0.775,42716,25359,12945,Energy,Utilities: Gas and Electric,24,Newark,NJ,40.735657,-74.1723667,306,0.003
328,Boston Scientific,9048,104,-0.700,19042,37688,29000,Health Care,Medical Products and Equipment,15,Marlboro,MA,42.3459271,-71.5522874,327,0.079
329,OReilly Automotive,8978,1134,0.093,7572,20607,60365,Retailing,Specialty Retailers: Other,9,Springfield,MO,37.2089572,-93.2922989,323,0.045
330,Charles Schwab,8960,2354,0.246,243274,70313,17600,Financials,Securities,20,San Francisco,CA,37.7749295,-122.4194155,357,0.172
331,Global Partners,8921,59,,2320,522,2000,Wholesalers,Wholesalers: Diversified,12,Waltham,MA,42.3764852,-71.2356113,334,0.083
332,PVH,8915,538,-0.020,11886,11649,28050,Apparel,Apparel,8,New York,NY,40.7127753,-74.0059728,335,0.087
333,Avis Budget Group,8848,361,1.215,17699,3792,26300,Retailing,"Automotive Retailing, Services",21,Parsippany-Troy Hills,NJ,40.8652865,-74.4173877,319,0.022
334,Targa Resources,8815,54,,14389,9629,2130,Energy,Pipelines,10,Houston,TX,29.7604267,-95.3698028,402,0.317
335,Hertz Global Holdings,8803,327,,20058,1662,37000,Retailing,"Automotive Retailing, Services",11,Estero,FL,26.438136,-81.8067523,296,-0.071
336,Calpine,8752,-339,-4.685,16453,,2290,Energy,Energy,17,Houston,TX,29.7604267,-95.3698028,400,0.303
337,Mutual of Omaha Insurance,8732,863,1.419,42429,,5896,Financials,"Insurance: Life, Health (stock)",22,Omaha,NE,41.2565369,-95.9345034,342,0.106
338,Crown Holdings,8698,323,-0.349,10663,6816,24342,Materials,"Packaging, Containers",24,Philadelphia,PA,39.9525839,-75.1652215,333,0.050
339,Peter Kiewit Sons,8678,371,-0.063,5710,,22000,Engineering & Construction,"Engineering, Construction",19,Omaha,NE,41.2565369,-95.9345034,324,0.012
340,Dicks Sporting Goods,8591,323,0.125,4204,3765,30300,Retailing,Specialty Retailers: Other,9,Coraopolis,PA,40.5184013,-80.1667247,340,0.084
341,PulteGroup,8573,447,-0.258,9687,8439,4810,Engineering & Construction,Homebuilders,16,Atlanta,GA,33.7489954,-84.3879824,353,0.118
342,Navistar International,8570,30,,6135,3451,11400,Industrials,Construction and Farm Machinery,22,Lisle,IL,41.801141,-88.0747875,337,0.057
343,Thrivent Financial for Lutherans,8528,558,-0.050,95001,,3622,Financials,"Insurance: Life, Health (Mutual)",24,Minneapolis,MN,44.977753,-93.2650108,316,-0.028
344,DCP Midstream,8462,229,-0.266,13878,5033,2650,Energy,Pipelines,1,Denver,CO,39.7392358,-104.990251,,4.653
345,Air Products & Chemicals,8442,3000,3.754,18467,34818,15150,Chemicals,Chemicals,24,Allentown,PA,40.6022939,-75.4714098,294,-0.114
346,Veritiv,8365,-13,-1.633,2708,617,8900,Wholesalers,Wholesalers: Diversified,3,Atlanta,GA,33.7489954,-84.3879824,331,0.005
347,AGCO,8307,186,0.164,7972,5157,20462,Industrials,Construction and Farm Machinery,17,Duluth,GA,34.0028786,-84.1446376,370,0.121
348,Genworth Financial,8295,817,,105297,1413,3500,Financials,"Insurance: Life, Health (stock)",13,Richmond,VA,37.5407246,-77.4360481,329,-0.009
349,Univar,8254,120,,5733,3920,8600,Wholesalers,Wholesalers: Diversified,3,Downers Grove,IL,41.8089191,-88.0111746,338,0.022
350,News Corp.,8139,-738,-5.123,14552,9272,26000,Media,"Publishing, Printing",4,New York,NY,40.7127753,-74.0059728,332,-0.022
351,SpartanNash,8128,-53,-1.930,2056,620,11950,Wholesalers,Wholesalers: Food and Grocery,8,Byron Center,MI,42.8122508,-85.7228061,350,0.051
352,Westlake Chemical,8041,1304,2.269,12076,14385,8799,Chemicals,Chemicals,1,Houston,TX,29.7604267,-95.3698028,507,0.584
353,Williams,8031,2174,,46352,20567,5425,Energy,Energy,24,Tulsa,OK,36.1539816,-95.992775,367,0.071
354,Lam Research,8014,1698,0.857,12123,33105,9400,Technology,Semiconductors and Other Electronic Components,3,Fremont,CA,37.5482697,-121.9885719,440,0.361
355,Alaska Air Group,7933,1034,0.270,10740,7646,23156,Transportation,Airlines,5,Seattle,WA,47.6062095,-122.3320708,438,0.338
356,Jones Lang LaSalle,7932,254,-0.201,8015,7930,81900,Financials,Real estate,4,Chicago,IL,41.8781136,-87.6297982,391,0.166
357,Anixter International,7927,109,-0.095,4252,2522,8900,Wholesalers,Wholesalers: Electronics and Office Equipment,16,Glenview,IL,42.0697509,-87.7878408,359,0.040
358,Campbell Soup,7890,887,0.575,7726,13021,18000,"Food, Beverages & Tobacco",Food Consumer Products,24,Camden,NJ,39.9259463,-75.1196199,339,-0.009
359,Interpublic Group,7882,579,-0.048,12695,8854,50200,Business Services,"Advertising, marketing",21,New York,NY,40.7127753,-74.0059728,345,0.005
360,Dover,7830,812,0.595,10658,15183,29000,Industrials,Industrial Machinery,24,Downers Grove,IL,41.8089191,-88.0111746,392,0.152
361,Zimmer Biomet Holdings,7824,1814,4.929,25965,22151,18200,Health Care,Medical Products and Equipment,3,Warsaw,IN,41.2381,-85.8530469,352,0.018
362,Dean Foods,7795,62,-0.486,2504,787,16000,"Food, Beverages & Tobacco",Food Consumer Products,20,Dallas,TX,32.7766642,-96.7969879,351,0.011
363,Foot Locker,7782,284,-0.572,3961,5379,32175,Retailing,Specialty Retailers: Apparel,24,New York,NY,40.7127753,-74.0059728,348,0.002
364,Eversource Energy,7752,988,0.048,36220,18671,8084,Energy,Utilities: Gas and Electric,23,Springfield,MA,42.1014831,-72.589811,358,0.015
365,Alliance Data Systems,7719,789,0.529,30685,11806,20000,Business Services,Financial Data Services,4,Plano,TX,33.0198431,-96.6988856,378,0.081
366,Fifth Third Bancorp,7713,2194,0.403,142193,21812,18125,Financials,Commercial Banks,19,Cincinnati,OH,39.1031182,-84.5120196,389,0.120
367,Quest Diagnostics,7709,772,0.197,10503,13619,45000,Health Care,Health Care: Pharmacy and Other Services,18,Secaucus,NJ,40.7895453,-74.0565298,366,0.026
368,EMCOR Group,7688,227,0.249,3966,4549,32000,Engineering & Construction,"Engineering, Construction",18,Norwalk,CT,41.117744,-73.4081575,360,0.018
369,W.R. Berkley,7685,549,-0.088,24300,8836,7722,Financials,Insurance: Property and Casualty (Stock),15,Greenwich,CT,41.0262417,-73.6281964,354,0.004
370,WESCO International,7679,164,0.609,4736,2920,9100,Wholesalers,Wholesalers: Diversified,20,Pittsburgh,PA,40.4406248,-79.9958864,373,0.047
371,Coty,7650,-422,-3.691,22548,13723,22000,Household Products,Household and Personal Products,1,New York,NY,40.7127753,-74.0059728,558,0.759
372,WEC Energy Group,7649,1204,0.282,31591,19784,8129,Energy,Utilities: Gas and Electric,9,Milwaukee,WI,43.0389025,-87.9064736,368,0.024
373,Masco,7644,533,0.086,5488,12590,26000,Household Products,"Home Equipment, Furnishings",24,Livonia,MI,42.36837,-83.3527097,372,0.039
374,DXC Technology,7607,-123,-1.490,8663,28720,60000,Technology,Information Technology Services,1,Tysons,VA,38.9187222,-77.2310925,,0.071
375,Auto-Owners Insurance,7604,646,-0.086,23694,,5227,Financials,Insurance: Property and Casualty (Mutual),16,Lansing,MI,42.732535,-84.5555347,398,0.122
376,Jones Financial (Edward Jones),7597,872,0.169,17176,,45000,Financials,Securities,6,Des Peres,MO,38.59722,-90.448126,403,0.146
377,Liberty Media,7594,1354,0.991,41996,13816,4393,Media,Entertainment,2,Englewood,CO,39.6477653,-104.9877597,491,0.439
378,Erie Insurance Group,7535,858,0.156,20670,,5260,Financials,Insurance: Property and Casualty (Mutual),15,Erie,PA,42.1292241,-80.085059,382,0.074
379,Hershey,7515,783,0.087,5554,20774,16135,"Food, Beverages & Tobacco",Food Consumer Products,24,Hershey,PA,40.2859239,-76.6502468,369,0.010
380,PPL,7447,1128,-0.407,41479,19635,12512,Energy,Utilities: Gas and Electric,24,Allentown,PA,40.6022939,-75.4714098,365,-0.009
381,Huntington Ingalls Industries,7441,479,-0.164,6374,11539,38000,Aerospace & Defense,Aerospace and Defense,6,Newport News,VA,37.0870821,-76.4730122,380,0.053
382,Mosaic,7409,-107,-1.360,18633,9358,8500,Chemicals,Chemicals,13,Plymouth,MN,45.0105194,-93.4555093,377,0.034
383,J.M. Smucker,7392,592,-0.140,15640,14087,7140,"Food, Beverages & Tobacco",Food Consumer Products,8,Orrville,OH,40.8436663,-81.7640212,346,-0.054
384,Delek US Holdings,7350,289,,5935,3416,3941,Energy,Petroleum Refining,4,Brentwood,TN,36.0331164,-86.7827772,480,0.357
385,Newmont Mining,7348,-98,,20563,20853,12569,Energy,"Mining, Crude-Oil Production",15,Greenwood Village,CO,39.6172101,-104.9508141,328,-0.123
386,Constellation Brands,7332,1535,0.455,18602,44379,8700,"Food, Beverages & Tobacco",Beverages,6,Victor,NY,42.9825633,-77.4088794,408,0.120
387,Ryder System,7330,791,2.012,11452,3867,36100,Transportation,"Trucking, Truck Leasing",24,Miami,FL,25.7616798,-80.1917902,394,0.080
388,National Oilwell Varco,7304,-237,,20206,13993,31605,Energy,"Oil and Gas Equipment, Services",13,Houston,TX,29.7604267,-95.3698028,375,0.007
389,Adobe Systems,7302,1694,0.449,14536,106413,17973,Technology,Computer Software,2,San Jose,CA,37.3382082,-121.8863286,443,0.247
390,LifePoint Health,7263,102,-0.160,6286,1832,42000,Health Care,Health Care: Medical Facilities,4,Brentwood,TN,36.0331164,-86.7827772,374,-0.001
391,Tractor Supply,7256,423,-0.033,2869,7807,21000,Retailing,Specialty Retailers: Other,5,Brentwood,TN,36.0331164,-86.7827772,396,0.070
392,Thor Industries,7247,374,0.459,2558,6069,17800,Motor Vehicles & Parts,Motor Vehicles and Parts,1,Elkhart,IN,41.6819935,-85.9766671,540,0.582
393,Dana,7209,111,-0.827,5644,3741,30100,Motor Vehicles & Parts,Motor Vehicles and Parts,24,Maumee,OH,41.5628294,-83.6538244,447,0.237
394,Weyerhaeuser,7196,582,-0.433,18059,26463,9300,Materials,Forest and Paper Products,24,Seattle,WA,47.6062095,-122.3320708,341,-0.089
395,J.B. Hunt Transport Services,7190,686,0.588,4465,12858,24681,Transportation,"Trucking, Truck Leasing",6,Lowell,AR,36.2553543,-94.1307587,407,0.097
396,Darden Restaurants,7170,479,0.278,5504,10531,178729,"Hotels, Restaurants & Leisure",Food Services,22,Orlando,FL,28.5383355,-81.3792365,385,0.034
397,Yum China Holdings,7144,403,-0.197,4263,16009,450000,"Hotels, Restaurants & Leisure",Food Services,2,Plano,TX,33.0198431,-96.6988856,399,0.058
398,Blackstone Group,7119,1471,0.415,34429,21058,2360,Financials,Diversified Financials,3,New York,NY,40.7127753,-74.0059728,503,0.389
399,Berry Global Group,7095,340,0.441,8476,7191,23000,Materials,"Packaging, Containers",2,Evansville,IN,37.9715592,-87.5710898,413,0.093
400,Builders FirstSource,7034,39,-0.731,3006,2264,15000,Materials,"Building Materials, Glass",2,Dallas,TX,32.7766642,-96.7969879,421,0.105
401,Activision Blizzard,7017,273,-0.717,18668,51177,9800,Technology,Entertainment,2,Santa Monica,CA,34.0194543,-118.4911912,406,0.062
402,JetBlue Airways,7015,1147,0.511,9781,6540,17424,Transportation,Airlines,6,New York,NY,40.744679,-73.9485424,403,0.058
403,Amphenol,7011,651,-0.210,10004,26311,70000,Technology,Network and Other Communications Equipment,4,Wallingford,CT,41.4570108,-72.8230736,424,0.115
404,A-Mark Precious Metals,6990,7,-0.236,479,86,126,Materials,Miscellaneous,4,El Segundo,CA,33.9191799,-118.4164652,395,0.030
405,Spirit AeroSystems Holdings,6983,355,-0.244,5268,9595,15500,Aerospace & Defense,Aerospace and Defense,4,Wichita,KS,37.6871761,-97.330053,393,0.028
406,R.R. Donnelley & Sons,6940,-34,,3905,612,42700,Media,"Publishing, Printing",24,Chicago,IL,41.8781136,-87.6297982,388,0.006
407,Harris,6939,553,0.707,10090,19149,17000,Aerospace & Defense,Aerospace and Defense,14,Melbourne,FL,28.0836269,-80.6081089,363,-0.078
408,Expeditors Intl. of Washington,6921,489,0.136,3117,11087,16500,Transportation,Transportation and Logistics,11,Seattle,WA,47.6062095,-122.3320708,429,0.135
409,Discovery,6873,-337,-1.282,22555,11156,7000,Media,Entertainment,5,Silver Spring,MD,38.9906657,-77.026088,412,0.058
410,Owens-Illinois,6869,180,-0.139,9756,3538,26500,Materials,"Packaging, Containers",24,Perrysburg,OH,41.556996,-83.627157,401,0.025
411,Sanmina,6869,139,-0.261,3847,1863,41250,Technology,Semiconductors and Other Electronic Components,18,San Jose,CA,37.3382082,-121.8863286,414,0.060
412,KeyCorp,6868,1296,0.638,137698,20570,18415,Financials,Commercial Banks,20,Cleveland,OH,41.49932,-81.6943605,479,0.267
413,American Financial Group,6865,475,-0.268,60658,9923,7600,Financials,Insurance: Property and Casualty (Stock),19,Cincinnati,OH,39.1031182,-84.5120196,411,0.056
414,Oshkosh,6830,286,0.320,5099,5768,14000,Industrials,Construction and Farm Machinery,11,Oshkosh,WI,44.0247062,-88.5426136,425,0.088
415,Rockwell Collins,6822,705,-0.032,17997,22108,29000,Aerospace & Defense,Aerospace and Defense,7,Cedar Rapids,IA,41.9778795,-91.6656232,492,0.297
416,Kindred Healthcare,6768,-698,,5233,836,64200,Health Care,Health Care: Medical Facilities,15,Louisville,KY,38.2526647,-85.7584557,376,-0.064
417,Insight Enterprises,6704,91,0.071,2686,1252,6697,Technology,Information Technology Services,10,Tempe,AZ,33.4255104,-111.9400054,473,0.222
418,Dr Pepper Snapple Group,6690,1076,0.270,10022,21278,21000,"Food, Beverages & Tobacco",Beverages,10,Plano,TX,33.0198431,-96.6988856,416,0.039
419,American Tower,6664,1239,0.295,33214,64073,4752,Financials,Real estate,2,Boston,MA,42.3600825,-71.0588801,449,0.152
420,Fortive,6656,1045,,10501,26979,26000,Industrials,Industrial Machinery,1,Everett,WA,47.9789848,-122.2020795,,
421,Ralph Lauren,6653,-99,-1.251,5652,9088,18250,Apparel,Apparel,10,New York,NY,40.7127753,-74.0059728,371,-0.102
422,HRG Group,6650,106,,35850,3328,17113,Household Products,Household and Personal Products,5,New York,NY,40.7127753,-74.0059728,418,0.039
423,Ascena Retail Group,6650,-1067,,3872,394,40000,Retailing,Specialty Retailers: Apparel,2,Mahwah,NJ,41.0886216,-74.1435843,384,-0.049
424,United Rentals,6641,1346,1.378,15030,14537,14800,Business Services,Miscellaneous,5,Stamford,CT,41.0534302,-73.5387341,452,0.153
425,Caseys General Stores,6641,178,-0.215,3020,4120,25463,Retailing,Specialty Retailers: Other,8,Ankeny,IA,41.7317884,-93.6001278,423,0.053
426,Graybar Electric,6631,72,-0.231,2261,,8500,Wholesalers,Wholesalers: Diversified,24,St. Louis,MO,38.6270025,-90.1994042,420,0.039
427,Avery Dennison,6614,282,-0.121,5137,9361,30000,Materials,"Packaging, Containers",24,Glendale,CA,34.1425078,-118.255075,430,0.087
428,MasTec,6607,347,1.645,4067,3874,17300,Engineering & Construction,"Engineering, Construction",1,Coral Gables,FL,25.72149,-80.2683838,502,0.287
429,CMS Energy,6583,460,-0.165,23050,12793,7887,Energy,Utilities: Gas and Electric,24,Jackson,MI,42.245869,-84.4013462,419,0.029
430,HD Supply Holdings,6534,970,3.949,4318,7040,11000,Wholesalers,Wholesalers: Diversified,6,Atlanta,GA,33.7489954,-84.3879824,364,-0.132
431,Raymond James Financial,6525,636,0.202,34884,13019,12700,Financials,Securities,3,St. Petersburg,FL,27.7676008,-82.6402915,469,0.182
432,NCR,6516,232,-0.141,7654,3737,34000,Technology,"Computers, Office Equipment",21,Atlanta,GA,33.7489954,-84.3879824,409,-0.004
433,Hanesbrands,6478,62,-0.885,6895,6638,67200,Apparel,Apparel,4,Winston-Salem,NC,36.0998596,-80.244216,432,0.069
434,Asbury Automotive Group,6457,139,-0.168,2357,1412,8000,Retailing,"Automotive Retailing, Services",12,Duluth,GA,34.0028786,-84.1446376,410,-0.011
435,Citizens Financial Group,6454,1652,0.581,152336,20474,17594,Financials,Commercial Banks,3,Providence,RI,41.8239891,-71.4128343,451,0.120
436,Packaging Corp. of America,6445,669,0.487,6198,10633,14600,Materials,"Packaging, Containers",4,Lake Forest,IL,42.2586342,-87.840625,450,0.115
437,Alleghany,6425,90,-0.803,25384,9460,4402,Financials,Insurance: Property and Casualty (Stock),4,New York,NY,40.7127753,-74.0059728,428,0.048
438,Apache,6423,1304,,21922,14678,3356,Energy,"Mining, Crude-Oil Production",15,Houston,TX,29.7604267,-95.3698028,488,0.200
439,Dillards,6423,221,0.308,3673,2289,31400,Retailing,General Merchandisers,24,Little Rock,AR,34.7464809,-92.2895948,417,0.001
440,Assurant,6415,520,-0.081,31843,4803,14175,Financials,Insurance: Property and Casualty (Stock),14,New York,NY,40.7127753,-74.0059728,361,-0.148
441,Franklin Resources,6392,1697,-0.017,17534,19133,9386,Financials,Securities,13,San Mateo,CA,37.5629917,-122.3255254,405,-0.034
442,Owens Corning,6384,289,-0.265,8632,8982,17000,Materials,"Building Materials, Glass",24,Toledo,OH,41.6528052,-83.5378674,458,0.125
443,Motorola Solutions,6380,-155,-1.277,8208,17027,15000,Technology,Network and Other Communications Equipment,24,Chicago,IL,41.8781136,-87.6297982,433,0.057
444,NVR,6322,538,0.264,2989,10262,5200,Engineering & Construction,Homebuilders,9,Reston,VA,38.9586307,-77.3570028,446,0.084
445,Rockwell Automation,6311,826,0.132,7162,22260,22000,Industrials,"Electronics, Electrical Equip.",24,Milwaukee,WI,43.0389025,-87.9064736,442,0.073
446,TreeHouse Foods,6307,-286,,5779,2159,13489,"Food, Beverages & Tobacco",Food Consumer Products,2,Oak Brook,IL,41.8397865,-87.9535534,427,0.021
447,Wynn Resorts,6306,747,2.088,12682,19778,25200,"Hotels, Restaurants & Leisure","Hotels, Casinos, Resorts",5,Las Vegas,NV,36.1699412,-115.1398296,548,0.412
448,Olin,6268,550,,9218,5081,6400,Chemicals,Chemicals,5,Clayton,MO,38.6425518,-90.3237263,467,0.129
449,American Axle & Manufacturing,6266,337,0.400,7883,1699,25000,Motor Vehicles & Parts,Motor Vehicles and Parts,4,Detroit,MI,42.331427,-83.0457538,593,0.587
450,Old Republic International,6263,561,0.200,19404,5778,8700,Financials,Insurance: Property and Casualty (Stock),7,Chicago,IL,41.8781136,-87.6297982,439,0.061
451,Chemours,6183,746,105.571,7293,8840,7000,Chemicals,Chemicals,2,Wilmington,DE,39.7390721,-75.5397878,482,0.145
452,iHeartMedia,6178,-704,,12257,39,18700,Media,Entertainment,18,San Antonio,TX,29.4241219,-98.4936282,426,-0.015
453,Ameren,6177,523,-0.199,25945,13740,8615,Energy,Utilities: Gas and Electric,21,St. Louis,MO,38.6270025,-90.1994042,431,0.017
454,Arthur J. Gallagher,6160,463,0.118,12897,12512,26783,Financials,Diversified Financials,3,Rolling Meadows,IL,42.0841936,-88.0131275,462,0.101
455,Celanese,6140,843,-0.063,9538,13611,7592,Chemicals,Chemicals,13,Irving,TX,32.8140177,-96.9488945,484,0.139
456,Sealed Air,6131,815,0.675,5280,7162,15000,Materials,"Packaging, Containers",21,Charlotte,NC,35.2270869,-80.8431267,397,-0.096
457,UGI,6121,437,0.197,11582,7685,13000,Energy,Energy,14,King of Prussia,PA,40.1012856,-75.3835525,457,0.077
458,Realogy Holdings,6114,431,1.023,7337,3568,11800,Financials,Real estate,8,Madison,NJ,40.7598227,-74.417097,448,0.052
459,Burlington Stores,6110,385,0.783,2813,9018,40000,Retailing,Specialty Retailers: Apparel,3,Burlington,NJ,40.071222,-74.8648873,463,0.093
460,Regions Financial,6093,1263,0.086,124294,20861,21714,Financials,Commercial Banks,20,Birmingham,AL,33.5206608,-86.80249,436,0.021
461,AK Steel Holding,6081,6,,4296,1428,9200,Materials,Metals,18,Beckett Ridge,OH,39.3321262,-84.4172666,441,0.034
462,Securian Financial Group,6067,419,0.687,51232,,5000,Financials,"Insurance: Life, Health (stock)",1,St Paul,MN,44.9537029,-93.0899578,532,0.270
463,S& P Global,6063,1496,-0.290,9425,47643,20400,Business Services,Financial Data Services,24,New York,NY,40.7127753,-74.0059728,459,0.071
464,Markel,6062,395,-0.133,32805,16264,15600,Financials,Insurance: Property and Casualty (Stock),3,Glen Allen,VA,37.665978,-77.5063739,460,0.080
465,TravelCenters of America,6052,9,,1618,144,19611,Retailing,Specialty Retailers: Other,11,Westlake,OH,41.4553232,-81.9179173,470,0.098
466,Conduent,6022,181,,7548,3923,90000,Business Services,Diversified Outsourcing Services,1,Florham Park,NJ,40.787878,-74.3882072,,
467,M& T Bank Corp.,6019,1408,0.071,118594,27379,16354,Financials,Commercial Banks,3,Buffalo,NY,42.8864468,-78.8783689,455,0.052
468,Clorox,5973,701,0.082,4573,17225,8100,Household Products,Household and Personal Products,19,Oakland,CA,37.8043637,-122.2711137,453,0.037
469,AmTrust Financial Services,5959,-349,-1.849,25219,2416,9300,Financials,Insurance: Property and Casualty (Stock),2,New York,NY,40.7127753,-74.0059728,475,0.093
470,KKR,5930,1018,2.292,45835,9882,1184,Financials,Securities,6,New York,NY,40.7127753,-74.0059728,656,0.714
471,Ulta Beauty,5885,555,0.355,2909,12459,24200,Retailing,Specialty Retailers: Other,1,Bolingbrook,IL,41.6986416,-88.0683955,524,0.212
472,Yum Brands,5878,1340,-0.172,5311,28307,60000,"Hotels, Restaurants & Leisure",Food Services,20,Louisville,KY,38.2526647,-85.7584557,422,-0.077
473,Regeneron Pharmaceuticals,5872,1199,0.338,8764,37087,6200,Health Care,Pharmaceuticals,1,Tarrytown,NY,41.0762077,-73.8587461,523,0.208
474,Windstream Holdings,5853,-2117,,11084,289,12979,Telecommunications,Telecommunications,6,Little Rock,AR,34.7464809,-92.2895948,485,0.086
475,Magellan Health,5838,110,0.415,2957,2605,10700,Health Care,Health Care: Insurance and Managed Care,1,Scottsdale,AZ,33.4941704,-111.9260519,526,0.207
476,Western & Southern Financial,5836,310,0.287,46395,,2226,Financials,"Insurance: Life, Health (Mutual)",14,Cincinnati,OH,39.1031182,-84.5120196,483,0.081
477,Intercontinental Exchange,5834,2514,0.768,78264,42132,4952,Financials,Securities,2,Atlanta,GA,33.7489954,-84.3879824,437,-0.021
478,Ingredion,5832,519,0.070,6080,9313,11000,"Food, Beverages & Tobacco",Food Production,7,Westchester,IL,41.8498339,-87.8806738,456,0.023
479,Wyndham Destinations,5821,871,0.426,10403,11411,39200,"Hotels, Restaurants & Leisure","Hotels, Casinos, Resorts",5,Parsippany-Troy Hills,NJ,40.8652865,-74.4173877,461,0.040
480,Toll Brothers,5815,536,0.401,9445,6566,4500,Engineering & Construction,Homebuilders,6,Horsham,PA,40.1784422,-75.1285061,497,0.125
481,Seaboard,5809,247,-0.208,5161,4992,11800,"Food, Beverages & Tobacco",Food Production,8,Merriam,KS,39.0236165,-94.6935701,486,0.080
482,Booz Allen Hamilton,5804,253,-0.141,3373,5617,23300,Technology,Information Technology Services,8,McLean,VA,38.9338676,-77.1772604,481,0.074
483,First American Financial,5772,423,0.233,9573,6511,18705,Financials,Insurance: Property and Casualty (Stock),4,Santa Ana,CA,33.7454725,-117.867653,464,0.035
484,Cincinnati Financial,5732,1045,0.769,21843,12185,4925,Financials,Insurance: Property and Casualty (Stock),4,Fairfield,OH,39.3454673,-84.5603187,476,0.052
485,Avon Products,5716,22,,3698,1251,25000,Household Products,Household and Personal Products,24,Rye,NY,40.9806535,-73.6837399,444,-0.023
486,Northern Trust,5716,1199,0.161,138591,23264,18100,Financials,Commercial Banks,7,Chicago,IL,41.8781136,-87.6297982,501,0.111
487,Fiserv,5696,1246,0.340,10289,29466,24000,Business Services,Financial Data Services,8,Brookfield,WI,43.0605671,-88.1064787,471,0.035
488,Harley-Davidson,5647,522,-0.246,9973,7198,5800,Transportation,Transportation Equipment,17,Milwaukee,WI,43.0389025,-87.9064736,435,-0.058
489,Cheniere Energy,5601,-393,,27906,12703,1230,Energy,Energy,1,Houston,TX,29.7604267,-95.3698028,,3.365
490,Patterson,5593,171,-0.087,3508,2104,7500,Wholesalers,Wholesalers: Health Care,2,St Paul,MN,44.9537029,-93.0899578,466,0.007
491,Peabody Energy,5579,,,8181,4649,7100,Energy,"Mining, Crude-Oil Production",13,St. Louis,MO,38.6270025,-90.1994042,533,0.183
492,ON Semiconductor,5543,811,3.452,7195,10406,34000,Technology,Semiconductors and Other Electronic Components,1,Phoenix,AZ,33.4483771,-112.0740373,598,0.419
493,Simon Property Group,5539,1948,0.059,32258,47861,4150,Financials,Real estate,5,Indianapolis,IN,39.768403,-86.158068,477,0.019
494,Western Union,5524,-557,-3.200,9231,8857,11500,Business Services,Financial Data Services,12,Englewood,CO,39.6477653,-104.9877597,478,0.019
495,NetApp,5519,509,1.223,9493,16528,10100,Technology,"Computers, Office Equipment",7,Sunnyvale,CA,37.36883,-122.0363496,468,-0.005
496,Polaris Industries,5505,173,-0.190,3090,7224,11000,Transportation,Transportation Equipment,1,Medina,MN,45.0352411,-93.5824586,537,0.198
497,Pioneer Natural Resources,5455,833,,17003,29254,3836,Energy,"Mining, Crude-Oil Production",2,Irving,TX,32.8140177,-96.9488945,606,0.427
498,ABM Industries,5454,4,-0.934,3813,2200,140000,Business Services,Diversified Outsourcing Services,3,New York,NY,40.7127753,-74.0059728,500,0.060
499,Vistra Energy,5430,-254,,14600,8925,4150,Energy,Energy,2,Irving,TX,32.8140177,-96.9488945,499,0.052
500,Cintas,5429,481,-0.307,6844,18165,42000,Business Services,Diversified Outsourcing Services,1,Cincinnati,OH,39.1031182,-84.5120196,520,0.107
